<?xml version="1.0"?>
<!--<!DOCTYPE metadata SYSTEM "http://www.esri.com/metadata/esriprof80.dtd">-->
<metadata xml:lang="en"><Esri><CreaDate>20080420</CreaDate><CreaTime>21214300</CreaTime><SyncOnce>TRUE</SyncOnce><MetaID>{73EB97A7-859A-4109-A9CF-7C3768070DCF}</MetaID></Esri><idinfo><citation><citeinfo><onlink Sync="TRUE">\\MOONDANCE\C$\Nooksack\Topsetup_BC\demnet</onlink></citeinfo></citation></idinfo><distInfo><distributor><distorTran><onLineSrc><linkage Sync="TRUE">file://\\MOONDANCE\C$\Nooksack\Topsetup_BC\demnet</linkage><protocol Sync="TRUE">Local Area Network</protocol></onLineSrc></distorTran></distributor></distInfo><dataqual><lineage><procstep><procdesc Sync="TRUE">Dataset copied.</procdesc><srcused Sync="TRUE">C:\Nooksack\BertrandGIS\TA6\demnet</srcused><date Sync="TRUE">20080420</date><time Sync="TRUE">21214300</time></procstep></lineage></dataqual></metadata>
