Value,Description,cc_m,cr,albedo,,
11,Class 11 - Open Water,0,1,0.08,,
12,Class 12 - Perennial Ice/Snow (new),0.001,1,0.8,,
21,Class 21- Low Intensity Residential,0.001,1,0.25,,
22,Class 22 - High Intensity Residential,0.001,1,0.25,,
23,Class 23- Commercial/Industrial/Transportation,0.001,1,0.28,,
31,Class 31 - Bare Rock/Sand/Clay,0,1,0.26,,
32,Class 32 - Quarries/StripMInes/Gravel Pits,0.001,1,0.26,,
33,Class 33 - Transitional,0.001,1,0.23,,
41,Class 41 - Decidious forest,0.003,3,0.14,,
42,Class 42 - Evergreen Forest,0.003,3,0.14,,
43,Class 43 - Mixed Forest,0.003,3,0.14,,
51,Class 51 - Shrubland,0.0015,1.5,0.2,,
61,Class 61 - Orchards/Vineyards/Other,0.0015,1.5,0.2,,
71,Class 71 -  Grasslands/Herbaceous,0.001,1,0.2,,
81,Class 81 - Pasture/Hay,0.001,1,0.2,,
82,Class 82 - Row Crops,0.001,1.5,0.23,,
83,Class 83 - Small Grains,0.001,1,0.23,,
84,Class 84 - Fallow,0.001,1,0.2,,
85,Class 85 - Urban/Recreational Grasses,0.001,1,0.2,,
89,Class 89 - Dairy Farms,0.001,1,0.2,,
91,Class 91 - Woody Wetlands ,0.0015,1,0.15,,
92,Class 92 - Emergent Herbaceos Wetlands,0.001,1,0.1,,
111,Black Cherries  -LULC Class 61 - Orchards,0.0015,1.5,0.2,,
112,Blackberries - FAO 56  CJB,0.001,1.5,0.23,,
113,Blueberries - FAO 56  CJB,0.001,1.5,0.23,,
114,Corn Silage,0.001,1,0.23,, 
115,Grapes ,0.0015,1.5,0.2,,
116,Grass - LULC Class 85 - Urban/Recreational Grasses,0.001,1,0.2,,
117,Herbs /mint,0.001,1.5,0.23,,
118,Nursery Trees,0.0015,1.5,0.2,,
119,Nurseries  LULC Class 61 - Orchards,0.0015,1.5,0.2,,
120,Pasture Grass,0.001,1,0.2
121,Potato,0.001,1.5,0.23
122,Rasberries ,0.001,1.5,0.23
123,Strawberries ,0.001,1.5,0.23
124,Wheat -991  FAO 56  CJB,0.001,1,0.23
1,Cleared Land -LULC Class 71 -  Grasslands/Herbaceous,0.001,1,0.2
2,Forest -LULC Class 43 - Mixed Forest ,0.003,3,0.14
3,Gravel Pit - LULC Class 32 - Quarries/StripMInes/Gravel Pits,0.001,1,0.26
4,Industrial- LULC Class 23- Commercial/Industrial/Transportation,0.001,1,0.28
5,Rural Residential  Class 21- Low Intensity Residential,0.001,1,0.25
6,Urban - LULC Class 22 - High Intensity Residential,0.001,1,0.25
