<?xml version="1.0"?>
<!--<!DOCTYPE metadata SYSTEM "http://www.esri.com/metadata/esriprof80.dtd">-->
<metadata xml:lang="en"><Esri><CreaDate>20080425</CreaDate><CreaTime>13043200</CreaTime><SyncOnce>TRUE</SyncOnce><DataProperties><lineage><Process Name="ZonalStatisticsAsTable_3" ToolSource="C:\Program Files\ArcGIS\ArcToolbox\Toolboxes\Spatial Analyst Tools.tbx\ZonalStatisticsAsTable" Date="20080425" Time="130247">ZonalStatisticsAsTable bcsubbasins_adjusted GRIDCODE kc1 C:\Nooksack\Topsetup_BC\zonalst_kc1a DATA</Process></lineage></DataProperties><MetaID>{E04FFB8B-7921-4C05-8152-AB536ED13B2B}</MetaID></Esri><idinfo><citation><citeinfo><onlink Sync="TRUE"></onlink></citeinfo></citation></idinfo><distInfo><distributor><distorTran><onLineSrc><linkage Sync="TRUE">file://</linkage><protocol Sync="TRUE">Local Area Network</protocol></onLineSrc></distorTran></distributor></distInfo><dataqual><lineage><procstep><procdesc Sync="TRUE">Dataset copied.</procdesc><srcused Sync="TRUE"></srcused><date Sync="TRUE">20080425</date><time Sync="TRUE">13043200</time></procstep></lineage></dataqual></metadata>
