<?xml version="1.0"?>
<!--<!DOCTYPE metadata SYSTEM "http://www.esri.com/metadata/esriprof80.dtd">-->
<metadata xml:lang="en"><Esri><CreaDate>20080425</CreaDate><CreaTime>13145500</CreaTime><SyncOnce>TRUE</SyncOnce><DataProperties><lineage><Process Name="ZonalStatisticsAsTable_4" ToolSource="C:\Program Files\ArcGIS\ArcToolbox\Toolboxes\Spatial Analyst Tools.tbx\ZonalStatisticsAsTable" Date="20080425" Time="131109">ZonalStatisticsAsTable bcsubbasins_adjusted GRIDCODE kc2 C:\Nooksack\Topsetup_BC\ZonalSt_kc2 DATA</Process></lineage></DataProperties><MetaID>{6EEADB5F-FF59-406C-8867-8074403CB048}</MetaID></Esri><idinfo><citation><citeinfo><onlink Sync="TRUE"></onlink></citeinfo></citation></idinfo><distInfo><distributor><distorTran><onLineSrc><linkage Sync="TRUE">file://</linkage><protocol Sync="TRUE">Local Area Network</protocol></onLineSrc></distorTran></distributor></distInfo><dataqual><lineage><procstep><procdesc Sync="TRUE">Dataset copied.</procdesc><srcused Sync="TRUE"></srcused><date Sync="TRUE">20080425</date><time Sync="TRUE">13145500</time></procstep></lineage></dataqual></metadata>
