<?xml version="1.0"?>
<!--<!DOCTYPE metadata SYSTEM "http://www.esri.com/metadata/esriprof80.dtd">-->
<metadata xml:lang="en"><Esri><MetaID>{B2A5169E-9C4F-49DF-A1D3-F1BF29458C24}</MetaID><CreaDate>20080425</CreaDate><CreaTime>13315100</CreaTime><SyncOnce>TRUE</SyncOnce><DataProperties><lineage><Process Name="ZonalStatistics_17" ToolSource="C:\Program Files\ArcGIS\ArcToolbox\Toolboxes\Spatial Analyst Tools.tbx\ZonalStatistics" Date="20080425" Time="133151">ZonalStatistics bcsubbasins_adjusted GRIDCODE veg1 C:\Nooksack\Topsetup_BC\ZonalSt_all MEAN DATA</Process></lineage></DataProperties></Esri></metadata>
