<?xml version="1.0"?>
<!--<!DOCTYPE metadata SYSTEM "http://www.esri.com/metadata/esriprof80.dtd">-->
<metadata xml:lang="en"><Esri><CreaDate>20080420</CreaDate><CreaTime>21151200</CreaTime><SyncOnce>TRUE</SyncOnce><MetaID>{B315BC4E-64F9-4110-BD94-A4587F8192B6}</MetaID></Esri><idinfo><citation><citeinfo><onlink Sync="TRUE">\\MOONDANCE\C$\Nooksack\Topsetup_BC\demw</onlink></citeinfo></citation></idinfo><distInfo><distributor><distorTran><onLineSrc><linkage Sync="TRUE">file://\\MOONDANCE\C$\Nooksack\Topsetup_BC\demw</linkage><protocol Sync="TRUE">Local Area Network</protocol></onLineSrc></distorTran></distributor></distInfo><dataqual><lineage><procstep><procdesc Sync="TRUE">Dataset copied.</procdesc><srcused Sync="TRUE">C:\Nooksack\BertrandGIS\TA6\demw</srcused><date Sync="TRUE">20080420</date><time Sync="TRUE">21151200</time></procstep></lineage></dataqual></metadata>
