<?xml version="1.0"?>
<!--<!DOCTYPE metadata SYSTEM "http://www.esri.com/metadata/esriprof80.dtd">-->
<metadata xml:lang="en"><Esri><CreaDate>20080420</CreaDate><CreaTime>20584700</CreaTime><SyncOnce>TRUE</SyncOnce><MetaID>{317C8872-C02A-4953-AE90-938167FBBDB4}</MetaID></Esri><idinfo><citation><citeinfo><onlink Sync="TRUE">\\MOONDANCE\C$\Nooksack\Topsetup_BC\demp</onlink></citeinfo></citation></idinfo><distInfo><distributor><distorTran><onLineSrc><linkage Sync="TRUE">file://\\MOONDANCE\C$\Nooksack\Topsetup_BC\demp</linkage><protocol Sync="TRUE">Local Area Network</protocol></onLineSrc></distorTran></distributor></distInfo><dataqual><lineage><procstep><procdesc Sync="TRUE">Dataset copied.</procdesc><srcused Sync="TRUE">C:\Nooksack\BertrandGIS\TA6\demp</srcused><date Sync="TRUE">20080420</date><time Sync="TRUE">20584700</time></procstep></lineage></dataqual></metadata>
