<?xml version="1.0"?>
<!--<!DOCTYPE metadata SYSTEM "http://www.esri.com/metadata/esriprof80.dtd">-->
<metadata xml:lang="en"><Esri><MetaID>{B9F0B180-9327-48A9-80ED-053B889C4828}</MetaID><CreaDate>20080425</CreaDate><CreaTime>12550200</CreaTime><SyncOnce>TRUE</SyncOnce><DataProperties><lineage><Process Name="Int_1" ToolSource="C:\Program Files\ArcGIS\ArcToolbox\Toolboxes\3D Analyst Tools.tbx\Int" Date="20080425" Time="125502">Int veg1 C:\Nooksack\Topsetup_BC\Int_veg1</Process></lineage></DataProperties></Esri></metadata>
