<?xml version="1.0"?>
<!--<!DOCTYPE metadata SYSTEM "http://www.esri.com/metadata/esriprof80.dtd">-->
<metadata xml:lang="en"><Esri><CreaDate>20080420</CreaDate><CreaTime>21123000</CreaTime><SyncOnce>TRUE</SyncOnce><MetaID>{6DB48776-D714-4349-A447-D4F2FFBB6690}</MetaID></Esri><idinfo><citation><citeinfo><onlink Sync="TRUE">\\MOONDANCE\C$\Nooksack\Topsetup_BC\demdist</onlink></citeinfo></citation></idinfo><distInfo><distributor><distorTran><onLineSrc><linkage Sync="TRUE">file://\\MOONDANCE\C$\Nooksack\Topsetup_BC\demdist</linkage><protocol Sync="TRUE">Local Area Network</protocol></onLineSrc></distorTran></distributor></distInfo><dataqual><lineage><procstep><procdesc Sync="TRUE">Dataset copied.</procdesc><srcused Sync="TRUE">C:\Nooksack\BertrandGIS\TA6\demdist</srcused><date Sync="TRUE">20080420</date><time Sync="TRUE">21123000</time></procstep></lineage></dataqual></metadata>
