<?xml version="1.0"?>
<!--<!DOCTYPE metadata SYSTEM "http://www.esri.com/metadata/esriprof80.dtd">-->
<metadata xml:lang="en"><Esri><MetaID>{E98A8DBC-678C-4991-9C2E-469D7E70169B}</MetaID><CreaDate>20080425</CreaDate><CreaTime>14234800</CreaTime><SyncOnce>TRUE</SyncOnce><DataProperties><lineage><Process Name="ZonalStatisticsAsTable_19" ToolSource="C:\Program Files\ArcGIS\ArcToolbox\Toolboxes\Spatial Analyst Tools.tbx\ZonalStatisticsAsTable" Date="20080425" Time="142348">ZonalStatisticsAsTable bcsubbasins_adjusted GRIDCODE forest C:\Nooksack\Topsetup_BC\ZonalSt_forest DATA</Process></lineage></DataProperties></Esri></metadata>
