<?xml version="1.0"?>
<!--<!DOCTYPE metadata SYSTEM "http://www.esri.com/metadata/esriprof80.dtd">-->
<metadata xml:lang="en"><Esri><MetaID>{81F48ACC-D4A5-4A6A-B990-5C3EBBF7CE4C}</MetaID><CreaDate>20080425</CreaDate><CreaTime>13122800</CreaTime><SyncOnce>TRUE</SyncOnce><DataProperties><lineage><Process Name="ZonalStatisticsAsTable_8" ToolSource="C:\Program Files\ArcGIS\ArcToolbox\Toolboxes\Spatial Analyst Tools.tbx\ZonalStatisticsAsTable" Date="20080425" Time="131228">ZonalStatisticsAsTable bcsubbasins_adjusted GRIDCODE kc6 C:\Nooksack\Topsetup_BC\ZonalSt_kc6 DATA</Process></lineage></DataProperties></Esri></metadata>
