<?xml version="1.0"?>
<!--<!DOCTYPE metadata SYSTEM "http://www.esri.com/metadata/esriprof80.dtd">-->
<metadata xml:lang="en"><Esri><MetaID>{DEF196DD-B45A-4FE6-8FC4-9CE891659DCC}</MetaID><CreaDate>20080425</CreaDate><CreaTime>13130200</CreaTime><SyncOnce>TRUE</SyncOnce><DataProperties><lineage><Process Name="ZonalStatisticsAsTable_10" ToolSource="C:\Program Files\ArcGIS\ArcToolbox\Toolboxes\Spatial Analyst Tools.tbx\ZonalStatisticsAsTable" Date="20080425" Time="131302">ZonalStatisticsAsTable bcsubbasins_adjusted GRIDCODE kc8 C:\Nooksack\Topsetup_BC\ZonalSt_kc8 DATA</Process></lineage></DataProperties></Esri></metadata>
