<?xml version="1.0"?>
<!--<!DOCTYPE metadata SYSTEM "http://www.esri.com/metadata/esriprof80.dtd">-->
<metadata xml:lang="en"><Esri><MetaID>{C246F802-BBE1-4304-9442-E2E8AED90D3C}</MetaID><CreaDate>20080425</CreaDate><CreaTime>13115500</CreaTime><SyncOnce>TRUE</SyncOnce><DataProperties><lineage><Process Name="ZonalStatisticsAsTable_6" ToolSource="C:\Program Files\ArcGIS\ArcToolbox\Toolboxes\Spatial Analyst Tools.tbx\ZonalStatisticsAsTable" Date="20080425" Time="131155">ZonalStatisticsAsTable bcsubbasins_adjusted GRIDCODE kc4 C:\Nooksack\Topsetup_BC\ZonalSt_kc4 DATA</Process></lineage></DataProperties></Esri></metadata>
