<?xml version="1.0"?>
<!--<!DOCTYPE metadata SYSTEM "http://www.esri.com/metadata/esriprof80.dtd">-->
<metadata xml:lang="en"><Esri><MetaID>{3B3F1AD4-8A1B-46A1-990D-0E7DAA943308}</MetaID><CreaDate>20080425</CreaDate><CreaTime>14242200</CreaTime><SyncOnce>TRUE</SyncOnce><DataProperties><lineage><Process Name="ZonalStatisticsAsTable_20" ToolSource="C:\Program Files\ArcGIS\ArcToolbox\Toolboxes\Spatial Analyst Tools.tbx\ZonalStatisticsAsTable" Date="20080425" Time="142422">ZonalStatisticsAsTable bcsubbasins_adjusted GRIDCODE urban C:\Nooksack\Topsetup_BC\ZonalSt_urban DATA</Process></lineage></DataProperties></Esri></metadata>
