<?xml version="1.0"?>
<!--<!DOCTYPE metadata SYSTEM "http://www.esri.com/metadata/esriprof80.dtd">-->
<metadata xml:lang="en"><Esri><MetaID>{334381B0-0C94-42E8-A8CD-4DDB5A0682FC}</MetaID><CreaDate>20080425</CreaDate><CreaTime>13024700</CreaTime><SyncOnce>TRUE</SyncOnce><DataProperties><lineage><Process Name="ZonalStatisticsAsTable_3" ToolSource="C:\Program Files\ArcGIS\ArcToolbox\Toolboxes\Spatial Analyst Tools.tbx\ZonalStatisticsAsTable" Date="20080425" Time="130247">ZonalStatisticsAsTable bcsubbasins_adjusted GRIDCODE kc1 C:\Nooksack\Topsetup_BC\zonalst_kc1a DATA</Process></lineage></DataProperties></Esri></metadata>
