<?xml version="1.0"?>
<!--<!DOCTYPE metadata SYSTEM "http://www.esri.com/metadata/esriprof80.dtd">-->
<metadata xml:lang="en"><Esri><MetaID>{718FC66E-7DC4-479F-A435-E6244A51D217}</MetaID><CreaDate>20080425</CreaDate><CreaTime>13134000</CreaTime><SyncOnce>TRUE</SyncOnce><DataProperties><lineage><Process Name="ZonalStatisticsAsTable_12" ToolSource="C:\Program Files\ArcGIS\ArcToolbox\Toolboxes\Spatial Analyst Tools.tbx\ZonalStatisticsAsTable" Date="20080425" Time="131340">ZonalStatisticsAsTable bcsubbasins_adjusted GRIDCODE kc10 C:\Nooksack\Topsetup_BC\ZonalSt_kc10 DATA</Process></lineage></DataProperties></Esri></metadata>
