<?xml version="1.0"?>
<!--<!DOCTYPE metadata SYSTEM "http://www.esri.com/metadata/esriprof80.dtd">-->
<metadata xml:lang="en"><Esri><MetaID>{90DD6170-5FC2-4A9A-9726-D5AD77032175}</MetaID><CreaDate>20080425</CreaDate><CreaTime>13112300</CreaTime><SyncOnce>TRUE</SyncOnce><DataProperties><lineage><Process Name="ZonalStatisticsAsTable_5" ToolSource="C:\Program Files\ArcGIS\ArcToolbox\Toolboxes\Spatial Analyst Tools.tbx\ZonalStatisticsAsTable" Date="20080425" Time="131123">ZonalStatisticsAsTable bcsubbasins_adjusted GRIDCODE kc3 C:\Nooksack\Topsetup_BC\ZonalSt_kc3 DATA</Process></lineage></DataProperties></Esri></metadata>
