<?xml version="1.0"?>
<!--<!DOCTYPE metadata SYSTEM "http://www.esri.com/metadata/esriprof80.dtd">-->
<metadata xml:lang="en"><Esri><MetaID>{871F8053-C1A7-441A-9BA3-54C631360DBD}</MetaID><CreaDate>20080425</CreaDate><CreaTime>13132100</CreaTime><SyncOnce>TRUE</SyncOnce><DataProperties><lineage><Process Name="ZonalStatisticsAsTable_11" ToolSource="C:\Program Files\ArcGIS\ArcToolbox\Toolboxes\Spatial Analyst Tools.tbx\ZonalStatisticsAsTable" Date="20080425" Time="131321">ZonalStatisticsAsTable bcsubbasins_adjusted GRIDCODE kc9 C:\Nooksack\Topsetup_BC\ZonalSt_kc9 DATA</Process></lineage></DataProperties></Esri></metadata>
