<?xml version="1.0"?>
<!--<!DOCTYPE metadata SYSTEM "http://www.esri.com/metadata/esriprof80.dtd">-->
<metadata xml:lang="en"><Esri><MetaID>{B0CC7F38-0159-4608-AF4B-37D9DD14273C}</MetaID><CreaDate>20080425</CreaDate><CreaTime>13121200</CreaTime><SyncOnce>TRUE</SyncOnce><DataProperties><lineage><Process Name="ZonalStatisticsAsTable_7" ToolSource="C:\Program Files\ArcGIS\ArcToolbox\Toolboxes\Spatial Analyst Tools.tbx\ZonalStatisticsAsTable" Date="20080425" Time="131212">ZonalStatisticsAsTable bcsubbasins_adjusted GRIDCODE kc5 C:\Nooksack\Topsetup_BC\ZonalSt_kc5 DATA</Process></lineage></DataProperties></Esri></metadata>
