<?xml version="1.0"?>
<!--<!DOCTYPE metadata SYSTEM "http://www.esri.com/metadata/esriprof80.dtd">-->
<metadata xml:lang="en"><Esri><MetaID>{CABDA0E0-A0BF-4BCA-92A4-38867D94F270}</MetaID><CreaDate>20080425</CreaDate><CreaTime>13135800</CreaTime><SyncOnce>TRUE</SyncOnce><DataProperties><lineage><Process Name="ZonalStatisticsAsTable_13" ToolSource="C:\Program Files\ArcGIS\ArcToolbox\Toolboxes\Spatial Analyst Tools.tbx\ZonalStatisticsAsTable" Date="20080425" Time="131358">ZonalStatisticsAsTable bcsubbasins_adjusted GRIDCODE kc11 C:\Nooksack\Topsetup_BC\ZonalSt_kc11 DATA</Process></lineage></DataProperties></Esri></metadata>
