<?xml version="1.0"?>
<!--<!DOCTYPE metadata SYSTEM "http://www.esri.com/metadata/esriprof80.dtd">-->
<metadata xml:lang="en"><Esri><MetaID>{27C69780-4925-46FA-B588-A877BBAE0605}</MetaID><CreaDate>20080425</CreaDate><CreaTime>13141400</CreaTime><SyncOnce>TRUE</SyncOnce><DataProperties><lineage><Process Name="ZonalStatisticsAsTable_14" ToolSource="C:\Program Files\ArcGIS\ArcToolbox\Toolboxes\Spatial Analyst Tools.tbx\ZonalStatisticsAsTable" Date="20080425" Time="131414">ZonalStatisticsAsTable bcsubbasins_adjusted GRIDCODE kc12 C:\Nooksack\Topsetup_BC\ZonalSt_kc12 DATA</Process></lineage></DataProperties></Esri></metadata>
