<?xml version="1.0"?>
<!--<!DOCTYPE metadata SYSTEM "http://www.esri.com/metadata/esriprof80.dtd">-->
<metadata xml:lang="en"><Esri><MetaID>{980D6D02-98D5-4986-A709-8449E9464CF4}</MetaID><CreaDate>20080512</CreaDate><CreaTime>15125500</CreaTime><SyncOnce>TRUE</SyncOnce><DataProperties><lineage><Process Name="ZonalStatisticsAsTable_2" ToolSource="C:\Program Files\ArcGIS\ArcToolbox\Toolboxes\Spatial Analyst Tools.tbx\ZonalStatisticsAsTable" Date="20080512" Time="151255">ZonalStatisticsAsTable bcsubbasins GRIDCODE soildepth C:\Nooksack\Topsetup_BC\ZonalSt_soildepth DATA</Process></lineage></DataProperties></Esri></metadata>
