<?xml version="1.0"?>
<!--<!DOCTYPE metadata SYSTEM "http://www.esri.com/metadata/esriprof80.dtd">-->
<metadata xml:lang="en"><Esri><MetaID>{B40BA617-9067-446C-ABF1-0160F19EF4D0}</MetaID><CreaDate>20080425</CreaDate><CreaTime>13323600</CreaTime><SyncOnce>TRUE</SyncOnce><DataProperties><lineage><Process Name="ZonalStatisticsAsTable_18" ToolSource="C:\Program Files\ArcGIS\ArcToolbox\Toolboxes\Spatial Analyst Tools.tbx\ZonalStatisticsAsTable" Date="20080425" Time="133236">ZonalStatisticsAsTable bcsubbasins_adjusted GRIDCODE int_veg1 C:\Nooksack\Topsetup_BC\ZonalSt_allLU DATA</Process></lineage></DataProperties></Esri></metadata>
