<?xml version="1.0"?>
<!--<!DOCTYPE metadata SYSTEM "http://www.esri.com/metadata/esriprof80.dtd">-->
<metadata xml:lang="en"><Esri><MetaID>{55193839-E90A-4148-8912-6086C9A9AC2F}</MetaID><CreaDate>20080425</CreaDate><CreaTime>13014400</CreaTime><SyncOnce>TRUE</SyncOnce><DataProperties><lineage><Process Name="ZonalStatisticsAsTable_2" ToolSource="C:\Program Files\ArcGIS\ArcToolbox\Toolboxes\Spatial Analyst Tools.tbx\ZonalStatisticsAsTable" Date="20080425" Time="130144">ZonalStatisticsAsTable bcsubbasins_adjusted GRIDCODE C:\Nooksack\Topsetup_BC\kc1 C:\Nooksack\Topsetup_BC\ZonalSt_Kc1 DATA</Process></lineage></DataProperties></Esri></metadata>
