<?xml version="1.0"?>
<!--<!DOCTYPE metadata SYSTEM "http://www.esri.com/metadata/esriprof80.dtd">-->
<metadata xml:lang="en"><Esri><MetaID>{37C9D79E-4D9B-4FD0-A487-316FD0A850A1}</MetaID><CreaDate>20080425</CreaDate><CreaTime>13110900</CreaTime><SyncOnce>TRUE</SyncOnce><DataProperties><lineage><Process Name="ZonalStatisticsAsTable_4" ToolSource="C:\Program Files\ArcGIS\ArcToolbox\Toolboxes\Spatial Analyst Tools.tbx\ZonalStatisticsAsTable" Date="20080425" Time="131109">ZonalStatisticsAsTable bcsubbasins_adjusted GRIDCODE kc2 C:\Nooksack\Topsetup_BC\ZonalSt_kc2 DATA</Process></lineage></DataProperties></Esri></metadata>
