<?xml version="1.0"?>
<!--<!DOCTYPE metadata SYSTEM "http://www.esri.com/metadata/esriprof80.dtd">-->
<metadata xml:lang="en"><Esri><MetaID>{FD216BB0-4B6C-4D40-8FD8-DF2F679F4C14}</MetaID><CreaDate>20080425</CreaDate><CreaTime>13124700</CreaTime><SyncOnce>TRUE</SyncOnce><DataProperties><lineage><Process Name="ZonalStatisticsAsTable_9" ToolSource="C:\Program Files\ArcGIS\ArcToolbox\Toolboxes\Spatial Analyst Tools.tbx\ZonalStatisticsAsTable" Date="20080425" Time="131247">ZonalStatisticsAsTable bcsubbasins_adjusted GRIDCODE kc7 C:\Nooksack\Topsetup_BC\ZonalSt_kc7 DATA</Process></lineage></DataProperties></Esri></metadata>
