<?xml version="1.0"?>
<!--<!DOCTYPE metadata SYSTEM "http://www.esri.com/metadata/esriprof80.dtd">-->
<metadata xml:lang="en"><Esri><MetaID>{A600E98C-DF86-4689-9A58-29A818AEFBA3}</MetaID><CreaDate>20080425</CreaDate><CreaTime>13284800</CreaTime><SyncOnce>TRUE</SyncOnce><DataProperties><lineage><Process Name="ZonalStatisticsAsTable_16" ToolSource="C:\Program Files\ArcGIS\ArcToolbox\Toolboxes\Spatial Analyst Tools.tbx\ZonalStatisticsAsTable" Date="20080425" Time="132848">ZonalStatisticsAsTable bcsubbasins_adjusted GRIDCODE kc11 C:\Nooksack\Topsetup_BC\zonalst_kc11a DATA</Process></lineage></DataProperties></Esri></metadata>
