<?xml version="1.0"?>
<!--<!DOCTYPE metadata SYSTEM "http://www.esri.com/metadata/esriprof80.dtd">-->
<metadata xml:lang="en"><Esri><MetaID>{CDE282AA-624B-43D5-9081-5E5A6D793D35}</MetaID><CreaDate>20080425</CreaDate><CreaTime>13280600</CreaTime><SyncOnce>TRUE</SyncOnce><DataProperties><lineage><Process Name="ZonalStatisticsAsTable_15" ToolSource="C:\Program Files\ArcGIS\ArcToolbox\Toolboxes\Spatial Analyst Tools.tbx\ZonalStatisticsAsTable" Date="20080425" Time="132806">ZonalStatisticsAsTable bcsubbasins_adjusted GRIDCODE kc8 C:\Nooksack\Topsetup_BC\zonalst_kc8a DATA</Process></lineage></DataProperties></Esri></metadata>
