<?xml version="1.0"?>
<!--<!DOCTYPE metadata SYSTEM "http://www.esri.com/metadata/esriprof80.dtd">-->
<metadata xml:lang="en"><Esri><MetaID>{0E03A229-9D75-40BD-A87E-7D3E79ABB476}</MetaID><CreaDate>20080512</CreaDate><CreaTime>15074800</CreaTime><SyncOnce>TRUE</SyncOnce><DataProperties><lineage><Process Name="Int_1" ToolSource="C:\Program Files\ArcGIS\ArcToolbox\Toolboxes\3D Analyst Tools.tbx\Int" Date="20080512" Time="150748">Int soil1 C:\Nooksack\Topsetup_BC\Int_soil11</Process></lineage></DataProperties></Esri></metadata>
